Tool Page URL,Category URL
https://www.insidr.ai/aff/enso,https://www.insidr.ai/ai-tools/
https://www.insidr.ai/aff/adcreative,https://www.insidr.ai/ai-tools/
https://www.insidr.ai/aff/surfer,https://www.insidr.ai/ai-tools/
https://www.insidr.ai/aff/taskade,https://www.insidr.ai/ai-tools/
https://www.insidr.ai/aff/crayo,https://www.insidr.ai/ai-tools/
https://www.insidr.ai/aff/veed,https://www.insidr.ai/ai-tools/
https://www.insidr.ai/aff/jasper,https://www.insidr.ai/ai-tools/
https://www.insidr.ai/aff/tugan,https://www.insidr.ai/ai-tools/
https://www.insidr.ai/aff/wellsaidlabs,https://www.insidr.ai/ai-tools/
https://www.insidr.ai/aff/danteai,https://www.insidr.ai/ai-tools/
https://www.insidr.ai/aff/chatbase,https://www.insidr.ai/ai-tools/
https://www.insidr.ai/aff/stammerai,https://www.insidr.ai/ai-tools/
https://www.insidr.ai/aff/creatify,https://www.insidr.ai/ai-tools/
https://www.insidr.ai/aff/elevenlabs,https://www.insidr.ai/ai-tools/
https://www.insidr.ai/aff/notion,https://www.insidr.ai/ai-tools/
https://www.insidr.ai/aff/fliki,https://www.insidr.ai/ai-tools/
https://www.insidr.ai/aff/customgpt,https://www.insidr.ai/ai-tools/
https://www.insidr.ai/aff/leap,https://www.insidr.ai/ai-tools/
https://www.insidr.ai/aff/adsdog,https://www.insidr.ai/ai-tools/
https://www.insidr.ai/aff/beforesunsetai,https://www.insidr.ai/ai-tools/
https://www.insidr.ai/aff/thoughtly,https://www.insidr.ai/ai-tools/
https://www.insidr.ai/aff/mediaio,https://www.insidr.ai/ai-tools/
https://www.insidr.ai/aff/sitekick,https://www.insidr.ai/ai-tools/
https://www.taxgpt.com/?utm_source=insidrai,https://www.insidr.ai/ai-tools/
https://www.appypie.com/design/ai-image-generator,https://www.insidr.ai/ai-tools/
https://www.insidr.ai/aff/chatwithpdf,https://www.insidr.ai/ai-tools/
https://www.insidr.ai/aff/highperformr,https://www.insidr.ai/ai-tools/
https://www.insidr.ai/aff/formulabot,https://www.insidr.ai/ai-tools/
https://www.insidr.ai/aff/formulashq,https://www.insidr.ai/ai-tools/
https://www.insidr.ai/aff/gptexcel,https://www.insidr.ai/ai-tools/
https://www.insidr.ai/aff/numerousai,https://www.insidr.ai/ai-tools/
https://www.insidr.ai/aff/gigasheet,https://www.insidr.ai/ai-tools/
https://www.insidr.ai/aff/arcwise,https://www.insidr.ai/ai-tools/
https://www.insidr.ai/aff/wellmeright,https://www.insidr.ai/ai-tools/
https://www.insidr.ai/aff/octobot,https://www.insidr.ai/ai-tools/
https://www.insidr.ai/aff/regie,https://www.insidr.ai/ai-tools/
https://www.insidr.ai/aff/outplayhq,https://www.insidr.ai/ai-tools/
https://www.insidr.ai/aff/drift,https://www.insidr.ai/ai-tools/
https://www.insidr.ai/aff/hubspot,https://www.insidr.ai/ai-tools/
https://www.insidr.ai/aff/dashly,https://www.insidr.ai/ai-tools/
https://deepgram.com/free-transcription,https://www.insidr.ai/ai-tools/
https://deepgram.com/ai-voice-generator,https://www.insidr.ai/ai-tools/
https://www.insidr.ai/aff/apollo,https://www.insidr.ai/ai-tools/
https://www.insidr.ai/aff/seamless,https://www.insidr.ai/ai-tools/
https://www.insidr.ai/aff/clay,https://www.insidr.ai/ai-tools/
https://www.insidr.ai/aff/salesblink,https://www.insidr.ai/ai-tools/
https://www.insidr.ai/aff/airai,https://www.insidr.ai/ai-tools/
https://www.insidr.ai/aff/Casetext,https://www.insidr.ai/ai-tools/
https://www.insidr.ai/aff/Ferret,https://www.insidr.ai/ai-tools/
https://www.insidr.ai/aff/LexMachina,https://www.insidr.ai/ai-tools/
https://www.insidr.ai/aff/detangle,https://www.insidr.ai/ai-tools/
https://www.insidr.ai/aff/spellbook,https://www.insidr.ai/ai-tools/
https://www.insidr.ai/aff/DoNotPay,https://www.insidr.ai/ai-tools/
https://www.insidr.ai/aff/ediscovery,https://www.insidr.ai/ai-tools/
https://www.insidr.ai/aff/clickup,https://www.insidr.ai/ai-tools/
https://www.insidr.ai/aff/ailawyer,https://www.insidr.ai/ai-tools/
https://www.insidr.ai/aff/rationale,https://www.insidr.ai/ai-tools/
https://www.insidr.ai/aff/indy,https://www.insidr.ai/ai-tools/
https://www.insidr.ai/aff/doodle,https://www.insidr.ai/ai-tools/
https://www.insidr.ai/aff/image-gen,https://www.insidr.ai/ai-tools/
https://www.insidr.ai/aff/notion,https://www.insidr.ai/ai-tools/
https://www.insidr.ai/aff/wallpea,https://www.insidr.ai/ai-tools/
https://www.insidr.ai/aff/signm,https://www.insidr.ai/ai-tools/
https://www.insidr.ai/aff/bubble,https://www.insidr.ai/ai-tools/
https://www.insidr.ai/aff/turbodoc,https://www.insidr.ai/ai-tools/
https://www.insidr.ai/aff/jobsearch.coach,https://www.insidr.ai/ai-tools/
https://www.insidr.ai/aff/wordtune,https://www.insidr.ai/ai-tools/
https://www.insidr.ai/aff/SpinBot,https://www.insidr.ai/ai-tools/
https://www.insidr.ai/aff/Prepostseo,https://www.insidr.ai/ai-tools/
https://www.insidr.ai/aff/Cramly,https://www.insidr.ai/ai-tools/
https://www.insidr.ai/aff/paraphraserio,https://www.insidr.ai/ai-tools/
https://www.insidr.ai/aff/hixai,https://www.insidr.ai/ai-tools/
https://www.insidr.ai/aff/semrush-ai-summarizer,https://www.insidr.ai/ai-tools/
https://www.insidr.ai/aff/scribbr,https://www.insidr.ai/ai-tools/
https://www.insidr.ai/aff/shortlyai,https://www.insidr.ai/ai-tools/
https://www.insidr.ai/aff/summarizebot,https://www.insidr.ai/ai-tools/
https://www.insidr.ai/aff/notta,https://www.insidr.ai/ai-tools/
https://www.insidr.ai/aff/tldrthis,https://www.insidr.ai/ai-tools/
https://www.insidr.ai/aff/closerscopy,https://www.insidr.ai/ai-tools/
https://www.insidr.ai/aff/clara,https://www.insidr.ai/ai-tools/
https://www.insidr.ai/aff/siri,https://www.insidr.ai/ai-tools/
https://www.insidr.ai/aff/GoogleAssistant,https://www.insidr.ai/ai-tools/
https://www.insidr.ai/aff/alexa,https://www.insidr.ai/ai-tools/
https://www.insidr.ai/aff/usemotion,https://www.insidr.ai/ai-tools/
https://www.insidr.ai/aff/cortana,https://www.insidr.ai/ai-tools/
https://www.insidr.ai/aff/vedvaani,https://www.insidr.ai/ai-tools/
https://www.insidr.ai/aff/pixlr,https://www.insidr.ai/ai-tools/
https://www.insidr.ai/aff/runway,https://www.insidr.ai/ai-tools/
https://www.insidr.ai/aff/shutterstock-text-to-image,https://www.insidr.ai/ai-tools/
https://www.insidr.ai/aff/NightCafe,https://www.insidr.ai/ai-tools/
https://www.insidr.ai/aff/beehiiv,https://www.insidr.ai/ai-tools/
https://www.insidr.ai/aff/chatbit,https://www.insidr.ai/ai-tools/
https://www.insidr.ai/aff/veeroll,https://www.insidr.ai/ai-tools/
https://www.insidr.ai/aff/dubvid,https://www.insidr.ai/ai-tools/
https://www.insidr.ai/aff/auraticai,https://www.insidr.ai/ai-tools/
https://www.insidr.ai/aff/nichesss,https://www.insidr.ai/ai-tools/
https://www.insidr.ai/aff/ComposeAI,https://www.insidr.ai/ai-tools/
https://www.insidr.ai/aff/frase,https://www.insidr.ai/ai-tools/
https://www.insidr.ai/aff/contentbot,https://www.insidr.ai/ai-tools/
https://www.insidr.ai/aff/InVideo,https://www.insidr.ai/ai-tools/
https://www.insidr.ai/aff/kapwing,https://www.insidr.ai/ai-tools/
https://www.insidr.ai/aff/videoproc,https://www.insidr.ai/ai-tools/
https://www.insidr.ai/aff/cutout-pro,https://www.insidr.ai/ai-tools/
https://www.insidr.ai/aff/dvdfab,https://www.insidr.ai/ai-tools/
https://www.insidr.ai/aff/Topaz,https://www.insidr.ai/ai-tools/
https://www.insidr.ai/aff/hitpaw-video-enhancer,https://www.insidr.ai/ai-tools/
https://www.insidr.ai/aff/vmakes-ai-video-enhancer,https://www.insidr.ai/ai-tools/
https://www.insidr.ai/aff/filmora,https://www.insidr.ai/ai-tools/
https://www.insidr.ai/aff/adobe-premiere-pro,https://www.insidr.ai/ai-tools/
https://www.insidr.ai/aff/pixop,https://www.insidr.ai/ai-tools/
https://www.insidr.ai/aff/leena,https://www.insidr.ai/ai-tools/
https://www.insidr.ai/aff/zoho-recruit,https://www.insidr.ai/ai-tools/
https://www.insidr.ai/aff/leapsome,https://www.insidr.ai/ai-tools/
https://www.insidr.ai/aff/workable,https://www.insidr.ai/ai-tools/
https://www.insidr.ai/aff/quinyx,https://www.insidr.ai/ai-tools/
https://www.insidr.ai/aff/juicebox,https://www.insidr.ai/ai-tools/
https://www.insidr.ai/aff/glean.com,https://www.insidr.ai/ai-tools/
https://www.insidr.ai/aff/glider,https://www.insidr.ai/ai-tools/
https://www.insidr.ai/aff/streetbeat,https://www.insidr.ai/ai-tools/
https://www.insidr.ai/aff/camp,https://www.insidr.ai/ai-tools/
https://www.insidr.ai/aff/invideogpt,https://www.insidr.ai/ai-tools/
https://www.insidr.ai/aff/canvagpt,https://www.insidr.ai/ai-tools/
https://www.insidr.ai/aff/consensus,https://www.insidr.ai/ai-tools/
https://www.insidr.ai/aff/pdfaigpt,https://www.insidr.ai/ai-tools/
https://www.insidr.ai/aff/healthychef,https://www.insidr.ai/ai-tools/
https://www.insidr.ai/aff/souschef,https://www.insidr.ai/ai-tools/
https://www.insidr.ai/aff/qualityratersseo,https://www.insidr.ai/ai-tools/
https://www.insidr.ai/aff/artstyleexplorer,https://www.insidr.ai/ai-tools/
https://www.insidr.ai/aff/imagecopymachine,https://www.insidr.ai/ai-tools/
https://www.insidr.ai/aff/academicassistantpro,https://www.insidr.ai/ai-tools/
https://www.insidr.ai/aff/aipromptsnippet,https://www.insidr.ai/ai-tools/
https://www.insidr.ai/aff/creativewritingcoach,https://www.insidr.ai/ai-tools/
https://www.insidr.ai/aff/dallegpt,https://www.insidr.ai/ai-tools/
https://www.insidr.ai/aff/gptfinder,https://www.insidr.ai/ai-tools/
https://www.insidr.ai/aff/aimreply,https://www.insidr.ai/ai-tools/
https://www.insidr.ai/aff/julius,https://www.insidr.ai/ai-tools/
https://www.insidr.ai/aff/spikes,https://www.insidr.ai/ai-tools/
https://www.freepik.com/ai/image-generator,https://www.insidr.ai/ai-tools/
https://slidesgo.com/ai-presentations,https://www.insidr.ai/ai-tools/
https://www.insidr.ai/aff/storyboardhero,https://www.insidr.ai/ai-tools/
https://www.insidr.ai/aff/slidespilot,https://www.insidr.ai/ai-tools/
https://www.interview.study/join/insidrai,https://www.insidr.ai/ai-tools/
https://taplio.com/?utm_source=web_insidr,https://www.insidr.ai/ai-tools/
https://www.insidr.ai/aff/carboncopy,https://www.insidr.ai/ai-tools/
https://www.insidr.ai/aff/quickads,https://www.insidr.ai/ai-tools/
https://www.insidr.ai/aff/echofox,https://www.insidr.ai/ai-tools/
https://www.insidr.ai/aff/heygen,https://www.insidr.ai/ai-tools/
https://www.insidr.ai/aff/automateed,https://www.insidr.ai/ai-tools/
https://www.insidr.ai/aff/adcopy,https://www.insidr.ai/ai-tools/
https://www.insidr.ai/aff/thanos,https://www.insidr.ai/ai-tools/
https://www.insidr.ai/aff/coconaut,https://www.insidr.ai/ai-tools/
https://www.insidr.ai/aff/sofabrain,https://www.insidr.ai/ai-tools/
https://www.insidr.ai/aff/paceai,https://www.insidr.ai/ai-tools/
https://www.insidr.ai/aff/gptzero,https://www.insidr.ai/ai-tools/
https://www.insidr.ai/aff/sapling,https://www.insidr.ai/ai-tools/
https://www.insidr.ai/aff/originality,https://www.insidr.ai/ai-tools/
https://www.insidr.ai/aff/winston,https://www.insidr.ai/ai-tools/
https://www.insidr.ai/aff/otterai,https://www.insidr.ai/ai-tools/
https://www.insidr.ai/aff/blaze,https://www.insidr.ai/ai-tools/
https://www.insidr.ai/aff/imagine,https://www.insidr.ai/ai-tools/
https://www.insidr.ai/aff/kua,https://www.insidr.ai/ai-tools/
https://www.insidr.ai/aff/mustai,https://www.insidr.ai/ai-tools/
https://www.insidr.ai/aff/viralkit,https://www.insidr.ai/ai-tools/
https://www.insidr.ai/aff/avclabs,https://www.insidr.ai/ai-tools/
https://www.insidr.ai/aff/junia,https://www.insidr.ai/ai-tools/
https://www.insidr.ai/aff/artsmart,https://www.insidr.ai/ai-tools/
https://www.insidr.ai/aff/socialcoffee,https://www.insidr.ai/ai-tools/
https://www.insidr.ai/aff/csvibes,https://www.insidr.ai/ai-tools/
https://www.insidr.ai/aff/smudge,https://www.insidr.ai/ai-tools/
https://www.insidr.ai/aff/ssemble,https://www.insidr.ai/ai-tools/
https://www.insidr.ai/aff/3commas,https://www.insidr.ai/ai-tools/
https://www.insidr.ai/aff/coachvox,https://www.insidr.ai/ai-tools/
https://www.insidr.ai/aff/vondy,https://www.insidr.ai/ai-tools/
https://www.insidr.ai/aff/fireflies,https://www.insidr.ai/ai-tools/
https://www.insidr.ai/aff/voicestars,https://www.insidr.ai/ai-tools/
https://www.insidr.ai/aff/speechify,https://www.insidr.ai/ai-tools/
https://www.insidr.ai/aff/openart,https://www.insidr.ai/ai-tools/
https://www.insidr.ai/aff/pineapplebuilder,https://www.insidr.ai/ai-tools/
https://www.insidr.ai/aff/smilimedia,https://www.insidr.ai/ai-tools/
https://www.insidr.ai/aff/gajix,https://www.insidr.ai/ai-tools/
https://www.insidr.ai/aff/plusdocs,https://www.insidr.ai/ai-tools/
https://www.insidr.ai/aff/coursebox,https://www.insidr.ai/ai-tools/
https://www.insidr.ai/aff/slidesai,https://www.insidr.ai/ai-tools/
https://www.insidr.ai/aff/decktopus,https://www.insidr.ai/ai-tools/
https://www.insidr.ai/aff/lovo,https://www.insidr.ai/ai-tools/
https://www.insidr.ai/aff/refrens,https://www.insidr.ai/ai-tools/
https://www.insidr.ai/aff/chopshopai,https://www.insidr.ai/ai-tools/
https://www.insidr.ai/aff/altered,https://www.insidr.ai/ai-tools/
https://www.insidr.ai/aff/flicksocial,https://www.insidr.ai/ai-tools/
https://www.insidr.ai/aff/ikiblast,https://www.insidr.ai/ai-tools/
https://www.insidr.ai/aff/grammarly,https://www.insidr.ai/ai-tools/
https://www.insidr.ai/aff/murf,https://www.insidr.ai/ai-tools/
https://www.insidr.ai/aff/superluminal,https://www.insidr.ai/ai-tools/
https://www.insidr.ai/aff/elai,https://www.insidr.ai/ai-tools/
https://www.insidr.ai/aff/headshotgenerator,https://www.insidr.ai/ai-tools/
https://www.insidr.ai/aff/enterprisedna,https://www.insidr.ai/ai-tools/
https://www.insidr.ai/aff/gozen,https://www.insidr.ai/ai-tools/
https://www.insidr.ai/aff/audionotes,https://www.insidr.ai/ai-tools/
https://www.insidr.ai/aff/writinghero,https://www.insidr.ai/ai-tools/
https://www.insidr.ai/aff/themaiguys,https://www.insidr.ai/ai-tools/
https://www.insidr.ai/aff/stackai,https://www.insidr.ai/ai-tools/
https://www.insidr.ai/aff/botpress,https://www.insidr.ai/ai-tools/
https://www.insidr.ai/aff/writesonic,https://www.insidr.ai/ai-tools/
https://www.insidr.ai/aff/coinrule,https://www.insidr.ai/ai-tools/
https://www.insidr.ai/aff/tradeideas,https://www.insidr.ai/ai-tools/
https://www.insidr.ai/aff/signalstack,https://www.insidr.ai/ai-tools/
https://www.insidr.ai/aff/playgroundai,https://www.insidr.ai/ai-tools/
https://www.insidr.ai/aff/riffusion,https://www.insidr.ai/ai-tools/
https://www.insidr.ai/aff/piggymagic,https://www.insidr.ai/ai-tools/
https://www.insidr.ai/aff/reimaginehome,https://www.insidr.ai/ai-tools/
https://www.insidr.ai/aff/andi,https://www.insidr.ai/ai-tools/
https://www.insidr.ai/aff/tutorai,https://www.insidr.ai/ai-tools/
https://www.insidr.ai/aff/boomy,https://www.insidr.ai/ai-tools/
https://chat.openai.com/,https://www.insidr.ai/ai-tools/
https://www.insidr.ai/aff/validatorai,https://www.insidr.ai/ai-tools/
https://www.insidr.ai/aff/dalle2,https://www.insidr.ai/ai-tools/
https://www.insidr.ai/aff/stablediffusion,https://www.insidr.ai/ai-tools/
https://www.insidr.ai/aff/midjourneyprompthelper,https://www.insidr.ai/ai-tools/
https://www.insidr.ai/aff/codeium,https://www.insidr.ai/ai-tools/
https://www.insidr.ai/aff/midjourney,https://www.insidr.ai/ai-tools/
https://www.insidr.ai/aff/tome,https://www.insidr.ai/ai-tools/
https://www.insidr.ai/aff/namelix,https://www.insidr.ai/ai-tools/
https://www.insidr.ai/aff/botrush,https://www.insidr.ai/ai-tools/
https://www.insidr.ai/aff/tickeron,https://www.insidr.ai/ai-tools/
https://www.insidr.ai/aff/trendspider,https://www.insidr.ai/ai-tools/
https://www.insidr.ai/aff/vestinda,https://www.insidr.ai/ai-tools/
https://www.insidr.ai/aff/pionex,https://www.insidr.ai/ai-tools/
https://www.insidr.ai/aff/cryptohopper,https://www.insidr.ai/ai-tools/
https://www.insidr.ai/aff/cryptohero,https://www.insidr.ai/ai-tools/
https://www.insidr.ai/aff/bitsgap,https://www.insidr.ai/ai-tools/
https://www.insidr.ai/aff/tickeron,https://www.insidr.ai/ai-tools/
https://www.insidr.ai/aff/trendspider,https://www.insidr.ai/ai-tools/
https://www.insidr.ai/aff/vestinda,https://www.insidr.ai/ai-tools/
https://www.insidr.ai/aff/pionex,https://www.insidr.ai/ai-tools/
https://www.insidr.ai/aff/cryptohopper,https://www.insidr.ai/ai-tools/
https://www.insidr.ai/aff/cryptohero,https://www.insidr.ai/ai-tools/
https://www.insidr.ai/aff/bitsgap,https://www.insidr.ai/ai-tools/
https://www.insidr.ai/aff/hassonline,https://www.insidr.ai/ai-tools/
https://www.insidr.ai/aff/tradesanta,https://www.insidr.ai/ai-tools/
https://www.insidr.ai/aff/gunbot,https://www.insidr.ai/ai-tools/
https://www.insidr.ai/aff/10web,https://www.insidr.ai/ai-tools/
https://www.insidr.ai/aff/branchbob,https://www.insidr.ai/ai-tools/
https://www.insidr.ai/aff/dropship,https://www.insidr.ai/ai-tools/
https://www.insidr.ai/aff/getimg,https://www.insidr.ai/ai-tools/
https://www.insidr.ai/aff/tldv,https://www.insidr.ai/ai-tools/
https://www.insidr.ai/aff/askai,https://www.insidr.ai/ai-tools/
https://www.insidr.ai/aff/osher,https://www.insidr.ai/ai-tools/
https://www.insidr.ai/aff/airgram,https://www.insidr.ai/ai-tools/
https://www.insidr.ai/aff/flowpoint,https://www.insidr.ai/ai-tools/
https://www.insidr.ai/aff/luna,https://www.insidr.ai/ai-tools/
https://www.insidr.ai/aff/tiledesk,https://www.insidr.ai/ai-tools/
https://www.insidr.ai/aff/nureply,https://www.insidr.ai/ai-tools/
https://www.insidr.ai/aff/make,https://www.insidr.ai/ai-tools/
https://www.insidr.ai/aff/openbx,https://www.insidr.ai/ai-tools/
https://www.insidr.ai/aff/finalscout,https://www.insidr.ai/ai-tools/
https://www.insidr.ai/aff/smartwriter,https://www.insidr.ai/ai-tools/
https://www.insidr.ai/aff/descript,https://www.insidr.ai/ai-tools/
https://www.insidr.ai/aff/podcastle,https://www.insidr.ai/ai-tools/
https://www.insidr.ai/aff/castmagic,https://www.insidr.ai/ai-tools/
https://www.insidr.ai/aff/playht,https://www.insidr.ai/ai-tools/
https://www.insidr.ai/aff/deepbrain,https://www.insidr.ai/ai-tools/
https://www.insidr.ai/aff/synthesia,https://www.insidr.ai/ai-tools/
https://www.insidr.ai/aff/letsaskai,https://www.insidr.ai/ai-tools/
https://www.insidr.ai/aff/wonderchat,https://www.insidr.ai/ai-tools/
https://www.insidr.ai/aff/hiver,https://www.insidr.ai/ai-tools/
https://www.insidr.ai/aff/flatlogic,https://www.insidr.ai/ai-tools/
https://www.insidr.ai/aff/tinq,https://www.insidr.ai/ai-tools/
https://www.insidr.ai/aff/vwo,https://www.insidr.ai/ai-tools/
https://www.insidr.ai/aff/parsio,https://www.insidr.ai/ai-tools/
https://www.insidr.ai/aff/semrush,https://www.insidr.ai/ai-tools/
https://www.insidr.ai/aff/morningscore,https://www.insidr.ai/ai-tools/
https://www.insidr.ai/aff/inkforall,https://www.insidr.ai/ai-tools/
https://www.insidr.ai/aff/sincode,https://www.insidr.ai/ai-tools/
https://www.insidr.ai/aff/tinyeinstein,https://www.insidr.ai/ai-tools/
https://www.insidr.ai/aff/copyai,https://www.insidr.ai/ai-tools/
https://www.insidr.ai/aff/growthbarseo,https://www.insidr.ai/ai-tools/
https://www.insidr.ai/aff/crtify,https://www.insidr.ai/ai-tools/
https://www.insidr.ai/aff/kafkai,https://www.insidr.ai/ai-tools/
https://www.insidr.ai/aff/spinewriter,https://www.insidr.ai/ai-tools/
https://www.insidr.ai/aff/longshot,https://www.insidr.ai/ai-tools/
https://www.insidr.ai/aff/typli,https://www.insidr.ai/ai-tools/
https://www.insidr.ai/aff/mangools,https://www.insidr.ai/ai-tools/
https://www.insidr.ai/aff/rankranger,https://www.insidr.ai/ai-tools/
https://www.insidr.ai/aff/cohesive,https://www.insidr.ai/ai-tools/
https://www.insidr.ai/aff/wordai,https://www.insidr.ai/ai-tools/
https://www.insidr.ai/aff/rytr,https://www.insidr.ai/ai-tools/
https://www.insidr.ai/aff/aiwriter,https://www.insidr.ai/ai-tools/
https://www.insidr.ai/aff/contentforge,https://www.insidr.ai/ai-tools/
https://www.insidr.ai/aff/alliai,https://www.insidr.ai/ai-tools/
https://www.insidr.ai/aff/bertha,https://www.insidr.ai/ai-tools/
https://www.insidr.ai/aff/copymatic,https://www.insidr.ai/ai-tools/
https://www.insidr.ai/aff/originality,https://www.insidr.ai/ai-tools/
https://www.insidr.ai/aff/moonbeam,https://www.insidr.ai/ai-tools/
https://www.insidr.ai/aff/hypotenuse,https://www.insidr.ai/ai-tools/
https://www.insidr.ai/aff/epagestore,https://www.insidr.ai/ai-tools/
https://www.insidr.ai/aff/digitalfirst,https://www.insidr.ai/ai-tools/
https://www.insidr.ai/aff/isavant,https://www.insidr.ai/ai-tools/
https://www.insidr.ai/aff/wordhero,https://www.insidr.ai/ai-tools/
https://www.insidr.ai/aff/linguix,https://www.insidr.ai/ai-tools/
https://www.insidr.ai/aff/botowski,https://www.insidr.ai/ai-tools/
https://www.insidr.ai/aff/veg3,https://www.insidr.ai/ai-tools/
https://www.insidr.ai/aff/easypeasy,https://www.insidr.ai/ai-tools/
https://www.insidr.ai/aff/serpstat,https://www.insidr.ai/ai-tools/
https://www.insidr.ai/aff/seranking,https://www.insidr.ai/ai-tools/
https://www.insidr.ai/aff/virtulook,https://www.insidr.ai/ai-tools/
https://www.insidr.ai/aff/link-whisper,https://www.insidr.ai/ai-tools/
https://www.insidr.ai/aff/rankmath,https://www.insidr.ai/ai-tools/
https://www.insidr.ai/aff/getgenie,https://www.insidr.ai/ai-tools/
https://www.insidr.ai/aff/simplified,https://www.insidr.ai/ai-tools/
https://www.insidr.ai/aff/copymonkey,https://www.insidr.ai/ai-tools/
https://www.insidr.ai/aff/creatorai,https://www.insidr.ai/ai-tools/
https://www.insidr.ai/aff/wizishop,https://www.insidr.ai/ai-tools/
https://www.insidr.ai/aff/paragraphai,https://www.insidr.ai/ai-tools/
https://www.insidr.ai/aff/sudowrite,https://www.insidr.ai/ai-tools/
https://www.insidr.ai/aff/quillbot,https://www.insidr.ai/ai-tools/
https://www.insidr.ai/aff/paraphrasetool,https://www.insidr.ai/ai-tools/
https://www.insidr.ai/aff/rythmex,https://www.insidr.ai/ai-tools/
https://www.insidr.ai/aff/opuspro,https://www.insidr.ai/ai-tools/
https://www.insidr.ai/aff/invideo,https://www.insidr.ai/ai-tools/
https://www.insidr.ai/aff/getmunch,https://www.insidr.ai/ai-tools/
https://www.insidr.ai/aff/vidiq,https://www.insidr.ai/ai-tools/
https://www.insidr.ai/aff/submagic,https://www.insidr.ai/ai-tools/
https://www.insidr.ai/aff/listnr,https://www.insidr.ai/ai-tools/
https://www.insidr.ai/aff/colossyan,https://www.insidr.ai/ai-tools/
https://www.insidr.ai/aff/textaai,https://www.insidr.ai/ai-tools/
https://www.insidr.ai/aff/canva,https://www.insidr.ai/ai-tools/
https://www.insidr.ai/aff/gocharlie,https://www.insidr.ai/ai-tools/
https://www.insidr.ai/aff/magicstudio,https://www.insidr.ai/ai-tools/
https://www.insidr.ai/aff/looka,https://www.insidr.ai/ai-tools/
https://www.insidr.ai/aff/photoai,https://www.insidr.ai/ai-tools/
https://www.insidr.ai/aff/kreateable,https://www.insidr.ai/ai-tools/
https://www.insidr.ai/aff/logoai,https://www.insidr.ai/ai-tools/
https://www.insidr.ai/aff/profilepicture,https://www.insidr.ai/ai-tools/
https://www.insidr.ai/aff/hairstyleai,https://www.insidr.ai/ai-tools/
https://www.insidr.ai/aff/supermeme,https://www.insidr.ai/ai-tools/
https://www.insidr.ai/aff/hoppycopy,https://www.insidr.ai/ai-tools/
https://www.insidr.ai/aff/browseai,https://www.insidr.ai/ai-tools/
https://www.insidr.ai/aff/salesflow,https://www.insidr.ai/ai-tools/
https://www.vowel.com/lp/insidr-and-vowel,https://www.insidr.ai/ai-tools/
https://www.insidr.ai/aff/octopus,https://www.insidr.ai/ai-tools/
https://www.insidr.ai/aff/saleshandy,https://www.insidr.ai/ai-tools/
https://www.insidr.ai/aff/zopto,https://www.insidr.ai/ai-tools/
https://www.insidr.ai/aff/postaga,https://www.insidr.ai/ai-tools/
https://www.insidr.ai/aff/mailrush,https://www.insidr.ai/ai-tools/
https://www.insidr.ai/aff/klenty,https://www.insidr.ai/ai-tools/
https://www.insidr.ai/aff/botnation,https://www.insidr.ai/ai-tools/
https://www.insidr.ai/aff/cody,https://www.insidr.ai/ai-tools/
https://www.insidr.ai/aff/meetalfred,https://www.insidr.ai/ai-tools/
https://www.insidr.ai/aff/dimeadozen,https://www.insidr.ai/ai-tools/
https://www.insidr.ai/aff/Ideabuddy,https://www.insidr.ai/ai-tools/
https://www.insidr.ai/aff/dux-soup,https://www.insidr.ai/ai-tools/
https://www.insidr.ai/aff/orimon,https://www.insidr.ai/ai-tools/
https://www.insidr.ai/aff/convolo,https://www.insidr.ai/ai-tools/
https://www.insidr.ai/aff/repliq,https://www.insidr.ai/ai-tools/
https://www.insidr.ai/aff/mubert,https://www.insidr.ai/ai-tools/
https://www.insidr.ai/aff/sheetai,https://www.insidr.ai/ai-tools/
https://www.insidr.ai/aff/humata,https://www.insidr.ai/ai-tools/
https://www.insidr.ai/aff/otterai,https://www.insidr.ai/ai-tools/
https://www.insidr.ai/aff/guidde,https://www.insidr.ai/ai-tools/
https://www.insidr.ai/aff/writelytic,https://www.insidr.ai/ai-tools/
https://www.insidr.ai/aff/elasticmail,https://www.insidr.ai/ai-tools/
https://www.insidr.ai/aff/durable,https://www.insidr.ai/ai-tools/
https://www.insidr.ai/aff/mokker,https://www.insidr.ai/ai-tools/
https://www.insidr.ai/aff/elementor,https://www.insidr.ai/ai-tools/
https://www.insidr.ai/aff/coverdoc,https://www.insidr.ai/ai-tools/
https://www.insidr.ai/aff/codedesign,https://www.insidr.ai/ai-tools/
https://www.insidr.ai/aff/pagegenie,https://www.insidr.ai/ai-tools/
https://www.insidr.ai/aff/systemeio,https://www.insidr.ai/ai-tools/
https://www.insidr.ai/aff/duda,https://www.insidr.ai/ai-tools/
https://www.insidr.ai/aff/siteground,https://www.insidr.ai/ai-tools/
https://www.insidr.ai/aff/phonesites,https://www.insidr.ai/ai-tools/
https://www.insidr.ai/aff/convertri,https://www.insidr.ai/ai-tools/
https://www.insidr.ai/aff/clickfunnels,https://www.insidr.ai/ai-tools/
https://www.insidr.ai/aff/samcart,https://www.insidr.ai/ai-tools/
https://www.insidr.ai/aff/shopify,https://www.insidr.ai/ai-tools/
https://www.insidr.ai/aff/hellobar,https://www.insidr.ai/ai-tools/
https://www.insidr.ai/aff/pictory,https://www.insidr.ai/ai-tools/
https://www.insidr.ai/aff/palette,https://www.insidr.ai/ai-tools/
https://www.insidr.ai/aff/flexclip,https://www.insidr.ai/ai-tools/
https://www.insidr.ai/aff/morise,https://www.insidr.ai/ai-tools/
https://www.insidr.ai/aff/shortpixel,https://www.insidr.ai/ai-tools/
https://www.insidr.ai/aff/bhuman,https://www.insidr.ai/ai-tools/
https://www.insidr.ai/aff/followr,https://www.insidr.ai/ai-tools/
https://www.insidr.ai/aff/ddevi,https://www.insidr.ai/ai-tools/
https://www.insidr.ai/aff/getafollower,https://www.insidr.ai/ai-tools/
https://www.insidr.ai/aff/instachamp,https://www.insidr.ai/ai-tools/
https://www.insidr.ai/aff/manychat,https://www.insidr.ai/ai-tools/
https://www.insidr.ai/aff/predis,https://www.insidr.ai/ai-tools/
https://www.insidr.ai/aff/kenji,https://www.insidr.ai/ai-tools/
https://www.insidr.ai/aff/ocoya,https://www.insidr.ai/ai-tools/
https://www.insidr.ai/aff/copygenius,https://www.insidr.ai/ai-tools/
https://www.insidr.ai/aff/simplephones,https://www.insidr.ai/ai-tools/
https://www.insidr.ai/aff/crawlq,https://www.insidr.ai/ai-tools/
https://www.insidr.ai/aff/shakespeare,https://www.insidr.ai/ai-tools/
https://www.insidr.ai/aff/textcortex,https://www.insidr.ai/ai-tools/
https://www.insidr.ai/aff/phantombuster,https://www.insidr.ai/ai-tools/
https://www.insidr.ai/aff/anyword,https://www.insidr.ai/ai-tools/
https://www.insidr.ai/aff/mediamister,https://www.insidr.ai/ai-tools/
https://www.insidr.ai/aff/shuffl,https://www.insidr.ai/ai-tools/
https://www.insidr.ai/aff/neuralframes,https://www.insidr.ai/ai-tools/
https://www.insidr.ai/aff/flocksocial,https://www.insidr.ai/ai-tools/
https://www.insidr.ai/aff/snovio,https://www.insidr.ai/ai-tools/
https://www.insidr.ai/aff/repurpose,https://www.insidr.ai/ai-tools/
https://www.insidr.ai/aff/marketingblocks,https://www.insidr.ai/ai-tools/
https://www.insidr.ai/aff/gohighlevel,https://www.insidr.ai/ai-tools/
https://www.insidr.ai/aff/contentstudio,https://www.insidr.ai/ai-tools/
https://www.insidr.ai/aff/nando,https://www.insidr.ai/ai-tools/
https://www.insidr.ai/aff/cosmos,https://www.insidr.ai/ai-tools/
